last_name, first_name,year,player_age,b_ab,b_total_hits,b_single,b_double,b_triple,b_home_run,batting_avg,xba,xslg,woba,xwoba,xobp,xiso,exit_velocity_avg,launch_angle_avg,barrel_batted_rate,
Pujols, Albert,2019,39,491,120,75,22,0,23,.244,.253,.432,.308,.319,.315,.175,88.3,12.3,6.0,
Cabrera, Miguel,2019,36,493,139,106,21,0,12,.282,.271,.440,.318,.330,.338,.167,90.3,11.8,6.4,
Mathis, Jeff,2019,36,228,36,25,9,0,2,.158,.163,.223,.190,.193,.213,.058,86.1,16.4,1.4,
Choo, Shin-Soo,2019,37,563,149,92,31,2,24,.265,.258,.467,.353,.354,.366,.206,91.9,8.7,8.8,
Wainwright, Adam,2019,38,50,8,5,3,0,0,.160,.182,.249,.177,.207,.217,.064,88.1,14,0.0,
Greinke, Zack,2019,36,50,14,6,4,1,3,.280,.255,.467,.362,.320,.284,.201,88.9,5.4,11.9,
Molina, Yadier,2019,37,419,113,79,24,0,10,.270,.274,.440,.303,.323,.318,.164,87.4,13.7,3.8,
Cano, Robinson,2019,37,390,100,59,28,0,13,.256,.278,.448,.309,.326,.327,.167,90.9,7.1,7.4,
Encarnacion, Edwin,2019,36,418,102,50,18,0,34,.244,.242,.518,.362,.361,.345,.274,90.1,22.4,12.9,
Jones, Adam,2019,34,485,126,84,25,1,16,.260,.255,.426,.308,.312,.310,.170,86.1,13.2,6.7,
Martin, Russell,2019,36,209,46,35,5,0,6,.220,.218,.345,.295,.302,.337,.123,88.2,10.1,5.3,
Granderson, Curtis,2019,38,317,58,28,17,1,12,.183,.215,.388,.275,.304,.312,.171,88.8,18.9,7.2,
Ramirez, Hanley,2019,36,49,9,6,1,0,2,.184,.210,.353,.278,.294,.321,.141,88.9,6.3,6.3,
Sanchez, Anibal,2019,35,52,6,6,0,0,0,.115,.134,.154,.100,.125,.134,.013,78.6,-1.5,0.0,
Morales, Kendrys,2019,36,170,33,28,2,1,2,.194,.268,.439,.264,.360,.379,.168,91.3,9.1,6.9,
Kendrick, Howie,2019,36,334,115,74,23,1,17,.344,.330,.615,.400,.415,.387,.283,91.7,10.6,11.4,
Kinsler, Ian,2019,37,258,56,35,12,0,9,.217,.210,.308,.277,.255,.271,.095,84.3,17.1,1.5,
McCann, Brian,2019,35,277,69,48,9,0,12,.249,.240,.405,.312,.313,.320,.162,88.8,10.9,5.7,
Walker, Neil,2019,34,337,88,60,19,1,8,.261,.270,.432,.319,.338,.354,.160,86.2,11.5,6.5,
Suzuki, Kurt,2019,36,280,74,46,11,0,17,.264,.274,.455,.337,.335,.335,.178,86,18.5,6.5,
Desmond, Ian,2019,34,443,113,58,31,4,20,.255,.267,.470,.328,.332,.321,.200,90.9,8.4,10.4,
Cruz, Nelson,2019,39,454,141,74,26,0,41,.311,.294,.642,.418,.418,.382,.345,93.7,13,19.9,
Peralta, David,2019,32,382,105,61,29,3,12,.275,.246,.376,.338,.299,.317,.128,90.1,6.1,5.4,
Pina, Manny,2019,32,158,36,21,8,0,7,.228,.228,.412,.308,.309,.314,.183,88.6,16,8.3,
Jay, Jon,2019,34,165,44,36,8,0,0,.267,.252,.327,.275,.274,.297,.070,83.1,5.6,1.4,
Prado, Martin,2019,36,245,57,46,9,0,2,.233,.255,.340,.243,.273,.289,.081,87,8,0.5,
Duda, Lucas,2019,33,105,18,10,4,0,4,.171,.220,.451,.245,.308,.295,.231,91.5,22,12.0,
Wieters, Matt,2019,33,168,36,21,4,0,11,.214,.223,.410,.292,.289,.277,.185,88.8,13.8,7.3,
Longoria, Evan,2019,34,453,115,74,19,2,20,.254,.273,.496,.322,.352,.342,.221,89.7,13.8,7.5,
Cozart, Zack,2019,34,97,12,10,2,0,0,.124,.206,.276,.150,.246,.262,.067,85.9,21.6,1.2,
Rodriguez, Sean,2019,34,112,25,16,5,0,4,.223,.196,.326,.316,.297,.327,.128,88.3,13.5,5.3,
Reynolds, Mark,2019,36,135,23,12,7,0,4,.170,.166,.295,.268,.266,.292,.129,88.9,17.5,6.2,
Davis, Chris,2019,33,307,55,34,9,0,12,.179,.204,.370,.263,.290,.300,.164,89.1,13.6,10.5,
Zobrist, Ben,2019,38,150,39,33,5,0,1,.260,.252,.325,.303,.306,.352,.069,85.8,5.3,0.8,
Fowler, Dexter,2019,33,487,116,72,24,1,19,.238,.251,.422,.326,.338,.358,.167,85.5,12.7,7.4,
Flowers, Tyler,2019,33,271,62,37,11,3,11,.229,.194,.378,.310,.286,.289,.183,90.1,10.4,11.3,
Pence, Hunter,2019,36,286,85,49,17,1,18,.297,.281,.504,.377,.356,.344,.220,91.4,9.7,9.1,
Lester, Jon,2019,35,48,9,6,2,0,1,.188,.133,.198,.246,.194,.215,.061,86.3,4.1,0.0,
Cabrera, Asdrubal,2019,34,447,116,72,25,1,18,.260,.238,.410,.331,.316,.326,.170,89.1,14,5.7,
Scherzer, Max,2019,35,55,10,10,0,0,0,.182,.162,.194,.158,.152,.162,.029,87.2,-7.5,0.0,
Arrieta, Jake,2019,33,45,7,6,1,0,0,.156,.199,.237,.155,.198,.216,.038,87,20.7,0.0,
Blackmon, Charlie,2019,33,580,182,101,42,7,32,.314,.296,.522,.387,.363,.349,.224,88.7,14.4,8.3,
Frazier, Todd,2019,33,447,112,70,19,2,21,.251,.240,.413,.328,.315,.319,.171,88.2,17.2,7.3,
Iannetta, Chris,2019,36,144,32,16,10,0,6,.222,.228,.412,.303,.310,.319,.183,92.1,8.2,14.3,
Maldonado, Martin,2019,33,333,71,40,19,0,12,.213,.218,.391,.288,.298,.299,.167,88.1,11.9,7.6,
Chirinos, Robinson,2019,35,366,87,47,22,1,17,.238,.215,.398,.336,.315,.329,.182,87.1,16.4,8.1,
Markakis, Nick,2019,36,414,118,82,25,2,9,.285,.298,.431,.332,.347,.371,.131,91.2,7,3.0,
Castillo, Welington,2019,32,230,48,24,12,0,12,.209,.220,.430,.287,.300,.278,.207,89.5,13.2,11.4,
Kratz, Erik,2019,39,49,5,2,2,0,1,.102,.144,.199,.169,.184,.208,.054,85.7,20.6,0.0,
Nunez, Eduardo,2019,32,167,38,29,7,0,2,.228,.250,.322,.233,.255,.266,.068,88.1,6.2,1.4,
Pearce, Steve,2019,36,89,16,11,4,0,1,.180,.195,.320,.224,.252,.259,.124,88.5,12.8,5.1,
Cain, Lorenzo,2019,33,562,146,105,30,0,11,.260,.288,.410,.302,.329,.351,.119,89.4,6.3,4.1,
Solano, Donovan,2019,32,215,71,53,13,1,4,.330,.313,.446,.346,.336,.345,.132,87.1,14.3,4.2,
McCutchen, Andrew,2019,33,219,56,33,12,1,10,.256,.251,.441,.358,.353,.374,.186,90.6,12.3,7.3,
Upton, Justin,2019,32,219,47,27,8,0,12,.215,.213,.413,.307,.311,.309,.198,87.2,18.2,11.6,
Maybin, Cameron,2019,32,239,68,40,17,0,11,.285,.255,.452,.363,.335,.338,.195,89.4,11.6,10.2,
Turner, Justin,2019,35,479,139,88,24,0,27,.290,.286,.515,.370,.376,.371,.227,90.3,17.5,7.8,
Posey, Buster,2019,32,405,104,73,24,0,7,.257,.251,.416,.298,.313,.315,.159,88.6,8.9,4.8,
Bruce, Jay,2019,32,310,67,24,17,0,26,.216,.242,.541,.319,.340,.288,.298,90,22,13.4,
Votto, Joey,2019,36,525,137,89,32,1,15,.261,.254,.440,.332,.341,.353,.184,88.8,14.7,6.9,
Gardner, Brett,2019,36,491,123,62,26,7,28,.251,.240,.369,.344,.299,.317,.127,87.8,13.4,4.1,
Joyce, Matt,2019,35,200,59,42,10,0,7,.295,.275,.446,.372,.362,.391,.169,87.7,16.8,6.5,
Hundley, Nick,2019,36,70,14,8,3,1,2,.200,.189,.302,.248,.227,.222,.107,84.7,15.4,1.9,
Braun, Ryan,2019,36,459,131,76,31,2,22,.285,.272,.477,.354,.341,.332,.203,91.4,6.9,9.8,
Gordon, Alex,2019,35,556,148,103,31,1,13,.266,.260,.430,.319,.331,.342,.167,88.7,9.1,5.4,
Gomez, Carlos,2019,34,86,17,11,3,0,3,.198,.203,.350,.268,.275,.283,.146,88,18.5,11.9,
Kemp, Matt,2019,35,60,12,9,2,0,1,.200,.169,.279,.208,.194,.180,.108,87.5,13.4,2.4,
Andrus, Elvis,2019,31,600,165,122,27,4,12,.275,.266,.393,.300,.303,.310,.124,88.4,6.9,3.5,
Cervelli, Francisco,2019,33,141,30,18,8,1,3,.213,.207,.354,.285,.284,.296,.145,86.9,12,5.9,
Cabrera, Melky,2019,35,378,106,76,22,1,7,.280,.278,.374,.301,.292,.311,.092,88.2,8.9,2.1,
Sandoval, Pablo,2019,33,272,73,36,23,0,14,.268,.274,.481,.336,.335,.321,.204,89.8,10.6,11.4,
Ramos, Wilson,2019,32,473,136,103,19,0,14,.288,.257,.396,.327,.307,.324,.134,90,-0.6,4.7,
Santana, Carlos,2019,33,573,161,96,30,1,34,.281,.266,.482,.380,.364,.384,.213,91.8,11.4,9.6,
Parra, Gerardo,2019,32,274,64,40,14,1,9,.234,.243,.382,.288,.293,.303,.136,86.2,9.4,4.6,
Gonzalez, Carlos,2019,34,145,29,23,3,0,3,.200,.214,.334,.254,.277,.302,.118,87.6,1.4,6.3,
Mercer, Jordy,2019,33,256,69,44,16,0,9,.270,.266,.450,.313,.317,.306,.183,86.9,13,6.5,
Belt, Brandon,2019,31,526,123,71,32,3,17,.234,.249,.460,.319,.348,.354,.210,87.3,22,8.7,
Alonso, Yonder,2019,32,292,58,35,13,0,10,.199,.232,.380,.277,.306,.327,.145,88.1,13.8,5.4,
Smoak, Justin,2019,33,414,86,48,16,0,22,.208,.249,.495,.323,.366,.377,.244,90.3,16.7,11.0,
Zimmerman, Ryan,2019,35,171,44,29,9,0,6,.257,.248,.447,.313,.321,.316,.198,91.4,9.7,7.5,
Kershaw, Clayton,2019,31,49,5,4,1,0,0,.102,.114,.138,.108,.122,.132,.020,83.7,3.3,0.0,
Avila, Alex,2019,32,164,34,17,8,0,9,.207,.228,.500,.323,.356,.370,.269,91.4,9,18.8,
Brantley, Michael,2019,32,575,179,115,40,2,22,.311,.302,.488,.367,.360,.366,.183,89,10.6,5.8,
Castro, Jason,2019,32,237,55,33,9,0,13,.232,.248,.520,.328,.363,.347,.270,91.8,14.3,17.2,
Hernandez, Gorkys,2019,32,49,7,4,1,2,0,.143,.203,.326,.204,.272,.278,.117,80.5,11.5,2.6,
Sucre, Jesus,2019,31,62,13,11,2,0,0,.210,.207,.301,.231,.250,.266,.092,88,7.1,0.0,
Gurriel, Yuli,2019,35,564,168,95,40,2,31,.298,.283,.420,.364,.321,.331,.135,89.3,14.3,3.8,
Beckham, Gordon,2019,33,223,48,27,13,2,6,.215,.222,.385,.274,.281,.277,.160,86.2,13.4,9.0,
Rodriguez, Ronny,2019,27,276,61,32,12,3,14,.221,.229,.432,.283,.290,.263,.200,88.9,16,7.5,
Solarte, Yangervis,2019,32,73,15,9,5,0,1,.205,.245,.327,.236,.263,.285,.077,82.9,6.9,3.4,
Rojas, Miguel,2019,30,483,137,102,29,1,5,.284,.272,.370,.305,.301,.323,.095,87.4,8.8,2.6,
Quintana, Jose,2019,30,54,5,4,1,0,0,.093,.100,.115,.087,.092,.100,.013,81.6,-8.8,0.0,
Escobar, Eduardo,2019,30,636,171,97,29,10,35,.269,.257,.468,.341,.326,.313,.209,87.7,18.2,7.0,
Martinez, Jose,2019,31,334,90,65,13,2,10,.269,.268,.462,.323,.340,.340,.192,88.9,6.3,7.1,
Adrianza, Ehire,2019,30,202,55,39,8,3,5,.272,.264,.394,.326,.324,.346,.125,86.6,14.6,3.6,
Lagares, Juan,2019,30,258,55,37,12,1,5,.213,.207,.290,.257,.243,.275,.081,88.2,10.7,3.2,
Freese, David,2019,36,162,51,27,13,0,11,.315,.285,.524,.415,.380,.377,.237,91.5,10.7,15.3,
Davis, Khris,2019,32,481,106,72,11,0,23,.220,.231,.439,.289,.316,.304,.206,90.2,12.9,10.1,
Pham, Tommy,2019,31,567,155,99,33,2,21,.273,.275,.459,.349,.354,.370,.181,90.9,4.9,7.9,
Martinez, J.D.,2019,32,575,175,104,33,2,36,.304,.305,.575,.386,.397,.386,.268,91.3,12.2,12.0,
Negron, Kristopher,2019,33,77,19,16,1,0,2,.247,.202,.320,.269,.245,.251,.112,84.8,9.9,3.9,
Samardzija, Jeff,2019,34,50,6,4,2,0,0,.120,.090,.105,.118,.083,.090,.013,88.1,-5,0.0,
Reddick, Josh,2019,32,501,138,102,19,3,14,.275,.276,.395,.308,.312,.324,.118,86.1,15.5,3.4,
Freeman, Mike,2019,32,177,49,37,8,0,4,.277,.217,.302,.327,.281,.313,.081,85.6,8.5,2.4,
Dyson, Jarrod,2019,35,400,92,72,11,2,7,.230,.227,.297,.281,.275,.311,.066,83.9,9.1,1.6,
Murphy, Daniel,2019,34,438,122,73,35,1,13,.279,.248,.369,.328,.288,.300,.117,86.3,14.4,2.4,
Goldschmidt, Paul,2019,32,597,155,95,25,1,34,.260,.259,.511,.346,.359,.346,.250,90.1,15.1,11.3,
Gonzalez, Marwin,2019,30,425,112,78,19,0,15,.264,.261,.434,.313,.319,.319,.171,90.7,11,6.4,
Darvish, Yu,2019,33,56,5,5,0,0,0,.089,.101,.142,.097,.126,.135,.040,89.4,-2.3,3.4,
Leon, Sandy,2019,30,172,33,25,3,0,5,.192,.173,.249,.240,.223,.238,.074,85.4,20.6,1.5,
Altuve, Jose,2019,29,500,149,88,27,3,31,.298,.282,.493,.374,.351,.339,.208,87.4,9.5,8.1,
Hernandez, Cesar,2019,29,612,171,123,31,3,14,.279,.273,.378,.315,.303,.328,.102,86,9.4,2.7,
Segura, Jean,2019,29,576,161,108,37,4,12,.280,.275,.403,.315,.312,.319,.125,88.2,6.8,3.2,
Castro, Starlin,2019,29,636,172,115,31,4,22,.270,.266,.431,.307,.309,.300,.162,88.6,10.6,6.2,
Marte, Starling,2019,31,539,159,99,31,6,23,.295,.303,.509,.353,.360,.351,.204,88.7,7.6,8.2,
Bumgarner, Madison,2019,30,63,8,6,0,0,2,.127,.119,.217,.213,.206,.229,.098,91,15.3,7.4,
Culberson, Charlie,2019,30,135,35,23,5,2,5,.259,.235,.392,.306,.279,.271,.154,88.3,12.8,7.5,
d'Arnaud, Travis,2019,30,351,88,56,16,0,16,.251,.259,.451,.314,.331,.324,.190,90,14.2,7.7,
Descalso, Daniel,2019,33,168,29,21,5,1,2,.173,.199,.303,.238,.268,.295,.102,88.8,11.4,4.4,
Dietrich, Derek,2019,30,251,47,18,8,2,19,.187,.224,.452,.334,.350,.359,.227,87.5,20.8,11.8,
Donaldson, Josh,2019,34,549,142,72,33,0,37,.259,.262,.528,.377,.381,.382,.264,92.9,12.9,15.7,
Freeman, Freddie,2019,30,597,176,102,34,2,38,.295,.291,.570,.387,.393,.386,.277,89.7,14.4,12.5,
Grandal, Yasmani,2019,31,513,126,70,26,2,28,.246,.238,.471,.361,.361,.375,.231,90.7,13.9,11.3,
Heyward, Jason,2019,30,513,129,84,20,4,21,.251,.265,.411,.328,.330,.355,.143,88.9,10.8,5.9,
Kelly, Merrill,2019,31,52,1,1,0,0,0,.019,.074,.091,.042,.094,.108,.015,84.5,-8.8,0.0,
LeMahieu, DJ,2019,31,602,197,136,33,2,26,.327,.320,.528,.375,.378,.369,.205,91.9,6.5,7.5,
Lucroy, Jonathan,2019,33,293,68,49,10,1,8,.232,.245,.387,.286,.306,.319,.139,87,12.5,3.7,
Moreland, Mitch,2019,34,298,75,38,17,1,19,.252,.253,.496,.347,.348,.332,.240,90.8,9.7,11.5,
Moustakas, Mike,2019,31,523,133,67,30,1,35,.254,.260,.502,.348,.347,.335,.239,89.5,17,10.3,
Rizzo, Anthony,2019,30,512,150,91,29,3,27,.293,.302,.498,.390,.390,.415,.195,89,12.6,7.0,
Romine, Austin,2019,31,228,64,44,12,0,8,.281,.259,.428,.315,.301,.291,.165,88.5,10.2,6.7,
Sogard, Eric,2019,33,396,115,77,23,2,13,.290,.269,.372,.342,.306,.334,.101,85.7,19.1,2.1,
Stanton, Giancarlo,2019,30,59,17,11,3,0,3,.288,.265,.517,.379,.392,.390,.250,92.7,7.9,25.0,
Thames, Eric,2019,33,396,98,48,23,2,25,.247,.226,.436,.354,.324,.328,.210,90.7,18.4,9.3,
Vogt, Stephen,2019,35,255,67,31,24,2,10,.263,.252,.485,.331,.326,.305,.232,89.8,22.1,10.4,
Galvis, Freddy,2019,30,557,145,93,28,1,23,.260,.235,.384,.308,.278,.272,.147,88.8,14.4,5.5,
Forsythe, Logan,2019,32,317,72,47,17,1,7,.227,.240,.408,.298,.322,.337,.167,89.3,12.1,5.5,
Flores, Wilmer,2019,28,265,84,57,18,0,9,.317,.284,.436,.359,.326,.330,.150,87.4,16,5.1,
Puello, Cesar,2019,28,125,31,22,5,0,4,.248,.237,.378,.325,.321,.347,.135,86.3,-4.1,6.8,
Teheran, Julio,2019,28,55,6,5,1,0,0,.109,.141,.178,.099,.134,.139,.035,84.2,10.8,0.0,
Tovar, Wilfredo,2019,28,83,16,11,5,0,0,.193,.233,.289,.217,.247,.277,.055,86.6,6.7,0.0,
Garcia, Avisail,2019,28,489,138,91,25,2,20,.282,.273,.491,.334,.340,.325,.217,89.5,9.4,11.7,
Perez, Hernan,2019,28,232,53,34,11,0,8,.228,.216,.334,.271,.256,.252,.114,88.5,8.9,4.1,
Inciarte, Ender,2019,29,199,49,31,11,2,5,.246,.238,.324,.318,.292,.338,.082,83,9.5,1.9,
Ozuna, Marcell,2019,29,485,117,64,23,1,29,.241,.288,.547,.336,.381,.369,.257,91.8,13.4,12.6,
Villar, Jonathan,2019,28,642,176,114,33,5,24,.274,.246,.409,.335,.311,.315,.160,88.9,7.9,6.8,
Ortega, Rafael,2019,28,88,18,13,3,0,2,.205,.228,.369,.254,.284,.292,.138,86.6,13.6,4.5,
Santana, Danny,2019,29,474,134,77,23,6,28,.283,.273,.494,.352,.337,.316,.219,91.4,13.3,9.5,
Aguilar, Jesus,2019,29,314,74,50,12,0,12,.236,.244,.440,.307,.332,.334,.193,89.4,13.4,7.5,
Beckham, Tim,2019,29,304,72,35,21,1,15,.237,.227,.434,.315,.303,.284,.204,87.5,10.6,8.9,
Berti, Jon,2019,29,256,70,49,14,1,6,.273,.256,.375,.327,.311,.335,.115,86.9,5,3.8,
Broxton, Keon,2019,29,204,34,24,4,0,6,.167,.166,.286,.229,.234,.243,.117,88.1,10.1,5.8,
Crawford, Brandon,2019,32,500,114,77,24,2,11,.228,.244,.402,.281,.307,.319,.155,87.8,8.2,5.4,
Cron, C.J.,2019,29,458,116,67,24,0,25,.253,.273,.545,.324,.362,.330,.270,91.1,12.3,15.0,
DeSclafani, Anthony,2019,29,55,6,6,0,0,0,.109,.104,.124,.095,.101,.104,.015,89.3,-7.5,0.0,
Dickerson, Alex,2019,29,174,48,26,13,3,6,.276,.271,.475,.341,.342,.331,.204,89.9,16.3,9.0,
Federowicz, Tim,2019,32,75,12,6,2,0,4,.160,.232,.417,.236,.295,.280,.183,90.4,18.7,8.5,
Galloway, Isaac,2019,30,54,9,8,1,0,0,.167,.207,.327,.151,.220,.207,.118,85.6,15.2,5.4,
Gomes, Yan,2019,32,314,70,42,16,0,12,.223,.221,.395,.298,.303,.316,.172,87.6,17.9,6.9,
Gray, Sonny,2019,30,46,7,6,0,1,0,.152,.115,.125,.166,.128,.151,.006,85,-13.3,0.0,
Grossman, Robbie,2019,30,420,101,71,21,3,6,.240,.263,.381,.299,.322,.355,.115,87.7,11.7,2.4,
Harrison, Josh,2019,32,137,24,15,7,1,1,.175,.248,.415,.210,.296,.287,.164,86.3,19.4,5.4,
Hendricks, Kyle,2019,30,54,8,7,1,0,0,.148,.117,.143,.165,.144,.164,.022,86,4.5,0.0,
Herrmann, Chris,2019,32,84,17,13,3,0,1,.202,.222,.346,.249,.281,.297,.122,88.6,7.5,7.1,
Hicks, Aaron,2019,30,221,52,30,10,0,12,.235,.210,.388,.325,.299,.306,.176,89.7,14.3,9.9,
Hicks, John,2019,30,319,67,39,15,0,13,.210,.199,.348,.259,.245,.230,.148,87.9,16,6.6,
Higashioka, Kyle,2019,29,56,12,4,5,0,3,.214,.158,.325,.270,.205,.164,.166,89.8,17.1,9.7,
Hosmer, Eric,2019,30,619,164,111,29,2,22,.265,.258,.417,.309,.307,.306,.156,90.8,1.9,7.2,
Joseph, Corban,2019,31,64,10,6,3,0,1,.156,.200,.285,.189,.225,.232,.083,87.3,8.9,1.9,
Kipnis, Jason,2019,32,458,112,71,23,1,17,.245,.265,.421,.301,.319,.326,.155,88.1,13.8,5.5,
McCann, James,2019,29,439,120,75,26,1,18,.273,.255,.445,.333,.320,.312,.187,90.2,10.6,9.2,
Miller, Brad,2019,30,154,40,20,6,1,13,.260,.242,.509,.368,.343,.314,.265,92.6,17.7,12.8,
Nola, Austin,2019,30,238,64,41,12,1,10,.269,.232,.366,.337,.294,.310,.131,87.4,15.9,3.4,
Rendon, Anthony,2019,29,545,174,93,44,3,34,.319,.317,.597,.413,.417,.414,.279,90.4,19.4,12.0,
Semien, Marcus,2019,29,657,187,104,43,7,33,.285,.273,.493,.373,.360,.360,.216,88.9,14.7,8.5,
Shaw, Travis,2019,29,230,36,24,5,0,7,.157,.180,.330,.248,.276,.301,.150,89,24.6,7.1,
Shuck, JB,2019,32,47,10,9,0,1,0,.213,.249,.296,.279,.309,.370,.043,86.7,-0.1,0.0,
Springer, George,2019,30,479,140,78,20,3,39,.292,.286,.577,.401,.397,.379,.288,89.8,10.1,14.3,
Gordon, Dee,2019,31,393,108,87,12,6,3,.275,.251,.305,.282,.258,.285,.050,84.3,6.3,0.0,
Vazquez, Christian,2019,29,482,133,83,26,1,23,.276,.252,.445,.331,.314,.301,.191,89.4,13.1,6.2,
Wong, Kolten,2019,29,478,136,96,25,4,11,.285,.262,.371,.334,.310,.342,.106,86.2,12.4,2.5,
Gregorius, Didi,2019,29,324,77,45,14,2,16,.238,.246,.406,.298,.292,.285,.159,88.3,17.3,5.9,
Garcia, Leury,2019,28,577,161,123,27,3,8,.279,.246,.352,.295,.273,.279,.101,88.2,5.8,3.8,
Strasburg, Stephen,2019,31,72,12,10,1,0,1,.167,.196,.281,.186,.220,.228,.083,88,-3.9,1.9,
Vargas, Ildemaro,2019,28,201,54,38,9,1,6,.269,.255,.362,.300,.279,.287,.104,87.1,2.9,3.4,
Grichuk, Randal,2019,28,586,136,71,29,5,31,.232,.234,.423,.307,.298,.284,.187,89.3,15.9,8.5,
Marisnick, Jake,2019,28,292,68,39,16,3,10,.233,.200,.326,.297,.253,.259,.123,86.7,11.6,4.0,
Stassi, Max,2019,28,132,18,16,1,0,1,.136,.179,.266,.177,.236,.254,.085,89.3,12.4,3.5,
Trout, Mike,2019,28,470,137,63,27,2,45,.291,.310,.668,.436,.455,.455,.358,90.8,21.9,18.9,
Herrera, Odubel,2019,28,126,28,16,10,1,1,.222,.227,.340,.272,.277,.292,.111,88,11,4.3,
Almora Jr., Albert,2019,25,339,80,56,11,1,12,.236,.250,.377,.271,.275,.284,.125,86.3,8,4.6,
Ruiz, Rio,2019,25,370,86,59,13,2,12,.232,.235,.360,.294,.292,.310,.122,88.4,11,2.8,
Delmonico, Nicky,2019,27,63,13,10,2,0,1,.206,.211,.327,.243,.260,.269,.113,87,15.9,7.9,
Wolters, Tony,2019,27,359,94,74,17,2,1,.262,.240,.311,.290,.278,.320,.068,85.3,9.6,0.0,
Lorenzen, Michael,2019,27,48,10,7,2,0,1,.208,.209,.327,.263,.268,.284,.115,95.7,-0.6,3.2,
Harper, Bryce,2019,27,573,149,77,36,1,35,.260,.278,.547,.366,.387,.388,.267,91.9,13.6,14.8,
Perez, Roberto,2019,31,389,93,59,9,1,24,.239,.228,.451,.326,.323,.313,.220,90.2,5.5,11.0,
Ryu, Hyun-Jin,2019,32,51,8,6,1,0,1,.157,.157,.252,.202,.208,.218,.094,86.9,4,5.0,
Martin, Leonys,2019,31,236,47,31,7,0,9,.199,.193,.339,.269,.266,.270,.144,87.3,16.7,6.2,
Abreu, Jose,2019,32,634,180,108,38,1,33,.284,.282,.519,.344,.359,.335,.234,92.1,10.9,12.8,
Diaz, Elias,2019,29,303,73,57,14,0,2,.241,.242,.331,.265,.279,.301,.086,88.1,8.9,2.4,
Narvaez, Omar,2019,27,428,119,85,12,0,22,.278,.253,.421,.345,.323,.331,.165,85.5,17.7,5.3,
Astudillo, Willians,2019,28,190,51,38,9,0,4,.268,.285,.421,.288,.319,.321,.132,85.8,15.5,2.7,
Suarez, Eugenio,2019,28,575,156,83,22,2,49,.271,.248,.502,.381,.355,.341,.252,89.4,17.8,14.0,
Wheeler, Zack,2019,29,57,12,9,2,0,1,.211,.168,.243,.246,.210,.223,.072,78.6,1.9,2.4,
Polanco, Gregory,2019,28,153,37,22,8,1,6,.242,.231,.408,.305,.293,.291,.175,89.4,18.2,9.6,
Santana, Domingo,2019,27,451,114,72,20,1,21,.253,.255,.489,.326,.345,.332,.233,89,11.2,12.5,
Gonzalez, Erik,2019,28,142,36,30,4,1,1,.254,.234,.305,.262,.249,.284,.071,87.4,4.2,2.8,
Urshela, Gio,2019,28,442,139,84,34,0,21,.314,.291,.504,.369,.351,.334,.210,90.5,13.5,7.0,
Sanchez, Yolmer,2019,27,496,125,99,20,4,2,.252,.236,.319,.281,.275,.304,.079,87.1,14,1.0,
Schoop, Jonathan,2019,28,433,111,64,23,1,23,.256,.249,.437,.324,.310,.297,.185,87.5,12.1,8.8,
Adams, Matt,2019,31,310,70,36,14,0,20,.226,.229,.481,.306,.319,.282,.250,88.6,19.5,14.8,
Altherr, Aaron,2019,28,61,5,2,2,0,1,.082,.162,.279,.135,.212,.212,.115,85.3,16.8,5.4,
Arenado, Nolan,2019,28,588,185,111,31,2,41,.315,.271,.482,.392,.343,.342,.208,89.4,17.5,8.0,
Barnhart, Tucker,2019,28,316,73,48,14,0,11,.231,.220,.325,.301,.280,.319,.102,86.5,11.8,3.0,
Bour, Justin,2019,31,151,26,13,5,0,8,.172,.188,.374,.267,.280,.274,.182,89.2,10.4,11.0,
Corbin, Patrick,2019,30,65,6,5,1,0,0,.092,.099,.126,.112,.120,.139,.024,81.9,-5.8,0.0,
Farmer, Kyle,2019,29,183,42,27,6,0,9,.230,.222,.386,.287,.278,.272,.163,85.4,17,5.6,
Gennett, Scooter,2019,29,133,30,21,7,0,2,.226,.201,.292,.241,.222,.225,.090,86.3,13.2,2.1,
Goodwin, Brian,2019,29,413,108,59,29,3,17,.262,.238,.413,.332,.306,.307,.173,87.6,17.8,6.3,
Hamilton, Billy,2019,29,316,69,53,14,2,0,.218,.237,.274,.251,.264,.306,.032,80.7,14.9,0.0,
Haniger, Mitch,2019,29,246,54,25,13,1,15,.220,.225,.456,.326,.327,.319,.230,88.4,18.5,12.0,
Hernandez, Enrique,2019,28,414,98,61,19,1,17,.237,.238,.407,.302,.305,.308,.167,88.4,19.1,5.9,
Holt, Brock,2019,31,259,77,58,14,2,3,.297,.267,.367,.333,.313,.347,.097,87.5,10.7,1.5,
Lamb, Jake,2019,29,187,36,20,8,2,6,.193,.224,.422,.297,.335,.354,.198,90.7,13.6,8.2,
Maile, Luke,2019,28,119,18,13,2,1,2,.151,.212,.336,.194,.258,.262,.121,84.7,13,4.5,
Matz, Steven,2019,28,57,13,12,0,0,1,.228,.261,.383,.217,.272,.261,.119,83.6,8.1,2.3,
Mikolas, Miles,2019,31,59,8,7,1,0,0,.136,.138,.167,.124,.132,.138,.026,81.9,4.1,0.0,
Muncy, Max,2019,29,487,122,64,22,1,35,.251,.270,.523,.373,.386,.391,.251,89.8,14.2,12.3,
Murphy, John Ryan,2019,28,63,11,4,3,0,4,.175,.207,.399,.276,.286,.276,.192,87.9,18.1,11.1,
Myers, Wil,2019,29,435,104,63,22,1,18,.239,.242,.436,.317,.323,.324,.193,90.2,11.9,11.2,
Naquin, Tyler,2019,28,274,79,50,19,0,10,.288,.273,.468,.330,.324,.311,.192,90.7,12.1,9.0,
Owings, Chris,2019,28,180,25,15,6,1,3,.139,.175,.286,.198,.232,.242,.109,86.9,7.7,6.9,
Phegley, Josh,2019,31,314,75,45,18,0,12,.239,.249,.373,.291,.286,.292,.121,84.1,17.2,3.1,
Piscotty, Stephen,2019,28,357,89,58,17,1,13,.249,.252,.443,.306,.322,.313,.188,89.2,12.6,7.9,
Pollock, A.J.,2019,32,308,82,51,15,1,15,.266,.262,.456,.333,.332,.327,.191,90.6,13.2,8.0,
Rickard, Joey,2019,28,168,38,24,9,2,3,.226,.210,.315,.290,.272,.298,.102,84.7,17.4,3.4,
Seager, Kyle,2019,32,393,94,51,19,1,23,.239,.265,.487,.332,.350,.344,.221,89.4,18.5,8.4,
Taylor, Michael A.,2019,28,88,22,14,7,0,1,.250,.221,.383,.289,.283,.279,.160,91.5,8.9,7.1,
Voit, Luke,2019,28,429,113,70,21,1,21,.263,.247,.493,.360,.363,.365,.242,89.8,12.5,13.2,
Walker, Christian,2019,28,529,137,81,26,1,29,.259,.260,.513,.346,.360,.350,.251,91.1,14.4,13.1,
Zunino, Mike,2019,28,266,44,24,10,1,9,.165,.192,.377,.235,.269,.256,.184,88.4,18.8,11.3,
Goins, Ryan,2019,31,144,36,27,6,1,2,.250,.213,.304,.298,.271,.300,.088,87.4,7.3,1.0,
Carpenter, Matt,2019,34,416,94,57,20,2,15,.226,.231,.427,.315,.333,.341,.194,88,18.9,7.8,
Dickerson, Corey,2019,30,260,79,37,28,2,12,.304,.264,.473,.368,.316,.304,.208,87.1,16.1,8.2,
Dozier, Brian,2019,32,416,99,59,20,0,20,.238,.242,.433,.329,.332,.344,.190,88.5,18.9,6.7,
Garneau, Dustin,2019,32,86,21,13,5,0,3,.244,.221,.355,.330,.305,.330,.133,84.5,20.4,4.7,
Saladino, Tyler,2019,30,65,8,6,0,0,2,.123,.186,.320,.187,.249,.255,.132,88.2,4.3,5.1,
Yastrzemski, Michael,2019,29,371,101,55,22,3,21,.272,.259,.512,.353,.345,.322,.251,89.6,19.4,11.2,
Contreras, Willson,2019,27,360,98,54,18,2,24,.272,.247,.473,.368,.340,.334,.225,88.5,7.1,11.5,
Gyorko, Jedd,2019,31,92,16,13,1,0,2,.174,.202,.338,.224,.264,.273,.134,85.8,15.7,4.4,
Iglesias, Jose,2019,29,504,145,110,21,3,11,.288,.270,.368,.306,.288,.302,.093,84.2,6.8,2.5,
Hechavarria, Adeiny,2019,30,203,49,27,12,1,9,.241,.236,.408,.312,.302,.296,.169,87.7,11,6.4,
Osuna, Jose,2019,27,261,69,39,20,0,10,.264,.273,.445,.320,.327,.322,.169,89.2,9.5,5.1,
Valera, Breyvic,2019,27,47,11,7,2,1,1,.234,.232,.333,.298,.280,.306,.101,85.9,16.7,0.0,
Austin, Tyler,2019,28,154,29,14,5,1,9,.188,.197,.448,.298,.316,.304,.249,91.5,14.6,15.9,
Bryant, Kris,2019,27,543,153,86,35,1,31,.282,.247,.461,.380,.348,.352,.212,87.5,19.1,9.3,
Canha, Mark,2019,30,410,112,67,16,3,26,.273,.247,.468,.386,.361,.375,.219,89.1,14.8,9.5,
Casali, Curt,2019,31,207,52,35,9,0,8,.251,.233,.395,.316,.307,.318,.160,87.2,18.8,6.0,
Castellanos, Nick,2019,27,615,178,90,58,3,27,.289,.282,.545,.358,.364,.332,.262,89,13.7,11.2,
DeShields, Delino,2019,27,357,89,66,15,4,4,.249,.234,.325,.295,.282,.311,.089,86.9,13.5,2.2,
Drury, Brandon,2019,27,418,91,54,21,1,15,.218,.246,.425,.271,.303,.290,.178,86.9,13.5,9.1,
Gamel, Ben,2019,27,311,77,52,18,0,7,.248,.234,.348,.308,.300,.327,.112,88.2,10,3.8,
Goodrum, Niko,2019,27,423,105,61,27,5,12,.248,.239,.391,.316,.303,.315,.150,89.3,12.7,6.3,
Gray, Jon,2019,28,47,3,3,0,0,0,.064,.102,.117,.094,.136,.156,.011,77.2,1.5,0.0,
Healy, Ryon,2019,27,169,40,17,16,0,7,.237,.242,.451,.308,.323,.302,.206,89.7,16.6,9.8,
Holaday, Bryan,2019,32,115,32,22,6,0,4,.278,.243,.346,.326,.282,.313,.100,88.2,11.4,1.0,
Jones, JaCoby,2019,27,298,70,37,19,3,11,.235,.247,.437,.312,.321,.322,.188,91.6,13.9,10.7,
Judge, Aaron,2019,27,378,103,57,18,1,27,.272,.278,.577,.382,.399,.388,.297,95.9,11.3,20.2,
Machado, Manny,2019,27,587,150,95,21,2,32,.256,.264,.465,.335,.341,.343,.198,91.2,12.7,8.0,
Moran, Colin,2019,27,466,129,85,30,1,13,.277,.261,.440,.315,.315,.308,.177,88.3,12.1,7.4,
Pederson, Joc,2019,27,450,112,57,16,3,36,.249,.256,.479,.362,.348,.345,.221,91.1,15.4,10.3,
Ray, Robbie,2019,28,55,4,4,0,0,0,.073,.087,.106,.063,.085,.087,.014,79.5,-13.9,0.0,
Realmuto, J.T.,2019,28,538,148,84,36,3,25,.275,.277,.472,.340,.341,.336,.192,90.3,14.3,8.7,
Renfroe, Hunter,2019,27,440,95,42,19,1,33,.216,.218,.450,.320,.310,.292,.230,89.9,18.9,12.0,
Rivera, Yadiel,2019,27,60,11,9,2,0,0,.183,.164,.213,.218,.208,.241,.046,89.3,1.2,0.0,
Rosario, Eddie,2019,28,562,155,94,28,1,32,.276,.267,.500,.329,.329,.295,.230,89.2,16.6,8.5,
Simmons, Andrelton,2019,30,398,105,79,19,0,7,.264,.236,.319,.290,.263,.283,.079,87.8,9.4,1.7,
Syndergaard, Noah,2019,27,65,6,3,1,0,2,.092,.093,.208,.144,.148,.133,.114,88.2,21.7,15.8,
Wilkerson, Stevie,2019,27,329,74,44,18,2,10,.225,.200,.315,.286,.253,.264,.112,86.3,10.9,3.6,
Yelich, Christian,2019,28,489,161,85,29,3,44,.329,.313,.621,.442,.420,.417,.307,93.2,11.2,15.8,
Merrifield, Whit,2019,30,681,206,139,41,10,16,.302,.287,.434,.340,.325,.335,.145,87.1,15.4,4.3,
Bogaerts, Xander,2019,27,614,190,105,52,0,33,.309,.278,.482,.390,.357,.359,.202,90.6,13,8.6,
Hernandez, Marco,2019,27,148,37,28,7,0,2,.250,.227,.282,.266,.236,.257,.052,87,6.1,1.9,
Alberto, Hanser,2019,27,524,160,125,21,2,12,.305,.290,.397,.318,.303,.314,.105,84.4,11.4,2.9,
Polanco, Jorge,2019,26,631,186,117,40,7,22,.295,.281,.470,.352,.344,.346,.188,88,18.9,6.7,
Sano, Miguel,2019,26,380,94,39,19,2,34,.247,.231,.541,.379,.361,.333,.309,94.4,15.6,21.2,
Herrera, Rosell,2019,27,105,21,13,6,0,2,.200,.212,.290,.264,.260,.299,.077,87.9,11.5,2.5,
Difo, Wilmer,2019,27,131,33,29,2,0,2,.252,.239,.309,.268,.261,.303,.067,83.9,10.1,0.0,
Calhoun, Kole,2019,32,552,128,65,29,1,33,.232,.246,.475,.330,.338,.337,.228,89.6,14.6,11.2,
deGrom, Jacob,2019,31,65,13,9,2,0,2,.200,.187,.272,.245,.222,.234,.081,85.3,-0.2,2.1,
Duvall, Adam,2019,31,120,32,17,4,1,10,.267,.210,.541,.360,.329,.264,.330,91.1,25.6,15.9,
Eaton, Adam,2019,31,566,158,111,25,7,15,.279,.278,.424,.342,.340,.364,.145,88.9,15.1,3.8,
Garcia, Greg,2019,30,311,77,56,13,4,4,.248,.226,.307,.319,.298,.346,.078,85.8,4.1,2.6,
Gosselin, Phil,2019,31,65,17,14,3,0,0,.262,.277,.437,.263,.320,.309,.153,88.6,14.7,6.1,
Palka, Daniel,2019,28,84,9,7,0,0,2,.107,.144,.223,.174,.205,.226,.078,87.4,15,6.1,
Schebler, Scott,2019,29,81,10,6,2,0,2,.123,.153,.249,.223,.243,.278,.095,86.5,6.6,3.7,
Kiermaier, Kevin,2019,29,447,102,61,20,7,14,.228,.244,.391,.284,.291,.293,.144,89.2,6.7,5.5,
Knapp, Andrew,2019,28,136,29,18,9,0,2,.213,.211,.363,.282,.292,.317,.150,89.2,16.1,9.1,
Riddle, JT,2019,28,132,25,13,6,0,6,.189,.194,.382,.250,.258,.235,.184,88.9,9.5,8.9,
Wallach, Chad,2019,28,48,12,8,3,0,1,.250,.275,.560,.309,.378,.355,.282,89.9,12.6,13.9,
Alfaro, Jorge,2019,26,431,113,80,14,1,18,.262,.247,.452,.312,.317,.299,.202,90.8,4.3,11.5,
Profar, Jurickson,2019,26,459,100,54,24,2,20,.218,.251,.427,.301,.323,.331,.174,86.7,14,6.5,
Baez, Javier,2019,27,531,149,78,38,4,29,.281,.266,.499,.347,.330,.302,.230,91.1,7.3,12.7,
Cave, Jake,2019,27,198,51,30,11,2,8,.258,.257,.480,.343,.356,.352,.219,90.5,6.6,12.5,
Gallagher, Cam,2019,27,126,30,20,7,0,3,.238,.226,.311,.294,.271,.301,.083,86.3,12.8,2.0,
Hedges, Austin,2019,27,312,55,35,9,0,11,.176,.198,.350,.242,.265,.272,.151,86.7,21.5,8.3,
Heineman, Scott,2019,27,75,16,8,6,0,2,.213,.224,.323,.295,.283,.315,.098,87.4,10.7,1.8,
Kramer, Kevin,2019,26,42,7,6,1,0,0,.167,.181,.319,.212,.257,.273,.134,86.2,20,7.4,
Lindor, Francisco,2019,26,598,170,96,40,2,32,.284,.274,.460,.349,.329,.328,.183,91,12.2,7.5,
Odor, Rougned,2019,25,522,107,46,30,1,30,.205,.227,.467,.302,.321,.303,.238,91.1,17.7,13.6,
Slater, Austin,2019,27,168,40,23,9,3,5,.238,.238,.443,.320,.330,.333,.204,88.6,3.1,10.1,
Smith Jr, Dwight,2019,27,357,86,54,16,3,13,.241,.242,.376,.299,.291,.299,.131,89.1,6.8,3.9,
Story, Trevor,2019,27,588,173,95,38,5,35,.294,.262,.460,.380,.337,.335,.197,91,17.1,8.6,
Swihart, Blake,2019,27,92,15,10,1,0,4,.163,.191,.307,.228,.242,.249,.115,85.7,11.4,5.4,
Vogelbach, Daniel,2019,27,462,96,49,17,0,30,.208,.226,.443,.333,.344,.357,.215,88.9,16.9,10.8,
Sanchez, Gary,2019,27,396,92,45,12,1,34,.232,.245,.550,.346,.362,.329,.304,91,18.9,19.1,
Cuthbert, Cheslor,2019,27,309,76,53,14,0,9,.246,.250,.382,.287,.292,.298,.129,88.8,14.7,4.5,
Kepler, Max,2019,26,524,132,64,32,0,36,.252,.261,.456,.355,.340,.344,.194,89.7,18,8.9,
Quinn, Roman,2019,26,108,23,15,3,1,4,.213,.231,.353,.287,.294,.313,.116,88.9,11,5.3,
Franco, Maikel,2019,27,389,91,57,17,0,17,.234,.242,.416,.281,.291,.307,.171,89,14.8,6.9,
Garcia, Robel,2019,26,72,15,6,2,2,5,.208,.184,.411,.316,.282,.258,.227,89.8,22.6,15.8,
Choi, Ji-Man,2019,28,410,107,66,20,2,19,.261,.261,.494,.348,.365,.367,.229,91.2,12.4,11.3,
Bradley Jr., Jackie,2019,29,494,111,59,28,3,21,.225,.238,.431,.314,.324,.330,.190,90.2,9,9.9,
La Stella, Tommy,2019,30,292,86,62,8,0,16,.295,.292,.479,.351,.348,.344,.183,88.2,12.9,5.3,
Severino, Pedro,2019,26,305,76,50,13,0,13,.249,.266,.442,.316,.334,.337,.173,87.6,12.9,8.5,
Nunez, Renato,2019,25,541,132,77,24,0,31,.244,.250,.468,.323,.330,.317,.216,89.9,19.8,10.7,
Arteaga, Humberto,2019,25,122,24,20,4,0,0,.197,.223,.285,.221,.251,.281,.061,84.5,8.5,0.0,
Candelario, Jeimer,2019,26,335,68,41,17,2,8,.203,.225,.359,.283,.298,.325,.134,88.2,15.2,5.9,
Daza, Yonathan,2019,25,97,20,18,1,1,0,.206,.206,.260,.221,.229,.257,.051,84.5,4.5,1.3,
Rondon, Jose,2019,25,143,28,22,3,0,3,.196,.218,.317,.241,.264,.283,.096,87.3,8.1,2.8,
Ahmed, Nick,2019,29,556,141,83,33,6,19,.254,.255,.421,.315,.317,.321,.163,87.8,7.5,6.6,
Anderson, Brian,2019,26,459,120,66,33,1,20,.261,.256,.456,.342,.339,.340,.196,89.9,10.9,8.9,
Barnes, Austin,2019,30,212,43,25,12,1,5,.203,.191,.300,.272,.256,.283,.107,87.2,16,4.4,
Bell, Josh,2019,27,527,146,69,37,3,37,.277,.284,.557,.379,.382,.374,.271,92.3,12.7,12.7,
Betts, Mookie,2019,27,597,176,102,40,5,29,.295,.308,.570,.380,.406,.405,.260,91,18.8,10.3,
Caratini, Victor,2019,26,244,65,43,11,0,11,.266,.253,.428,.338,.332,.341,.173,89.6,6.1,9.0,
Cron, Kevin,2019,26,71,15,5,4,0,6,.211,.230,.519,.321,.344,.296,.287,89.9,13.8,22.7,
Davies, Zach,2019,26,52,8,6,2,0,0,.154,.162,.196,.157,.160,.178,.033,82.6,11.8,0.0,
Davis, J.D.,2019,26,410,126,81,22,1,22,.307,.305,.545,.374,.380,.367,.238,91.5,10,11.4,
Fisher, Derek,2019,26,146,27,15,4,1,7,.185,.212,.365,.283,.293,.311,.152,92.2,9,12.4,
Gore, Terrance,2019,28,51,14,11,2,1,0,.275,.271,.300,.317,.304,.359,.025,83.5,6.5,0.0,
Martini, Nick,2019,29,93,21,15,4,1,1,.226,.241,.304,.291,.294,.344,.062,87.7,4.8,1.5,
Musgrove, Joe,2019,27,51,8,5,2,1,0,.157,.193,.318,.183,.227,.223,.123,86.8,11.3,5.0,
Nola, Aaron,2019,26,59,7,5,2,0,0,.119,.108,.129,.168,.153,.191,.020,86.7,1.3,0.0,
Panik, Joe,2019,29,438,107,79,21,2,5,.244,.252,.373,.284,.304,.324,.118,86.8,12.4,2.0,
Perez, Michael,2019,27,46,10,5,5,0,0,.217,.176,.343,.303,.292,.310,.166,92.5,14.1,7.4,
Skole, Matt,2019,30,72,15,13,2,0,0,.208,.196,.238,.232,.229,.265,.041,82,17,0.0,
Smith, Mallex,2019,26,510,116,82,19,9,6,.227,.216,.294,.278,.263,.290,.074,85.2,7.1,2.2,
Spangenberg, Cory,2019,28,95,22,16,2,2,2,.232,.219,.317,.267,.249,.266,.094,85.1,-0.1,5.0,
Starling, Bubba,2019,27,186,40,29,7,0,4,.215,.213,.305,.247,.244,.253,.088,81.8,11.9,2.3,
Tilson, Charlie,2019,27,144,33,27,5,0,1,.229,.234,.308,.256,.265,.297,.071,86.9,4.7,2.8,
Castro, Harold,2019,26,354,103,84,10,4,5,.291,.265,.377,.292,.283,.282,.108,87.2,8.2,3.6,
Arcia, Orlando,2019,25,494,110,78,16,1,15,.223,.232,.366,.269,.283,.295,.131,88,6.5,4.6,
Tapia, Raimel,2019,25,426,117,80,23,5,9,.275,.255,.372,.307,.284,.290,.113,87.6,7.1,3.7,
Aquino, Aristides,2019,25,205,53,26,8,0,19,.259,.247,.498,.360,.332,.306,.250,87.9,17.9,13.6,
Hernandez, Teoscar,2019,27,417,96,49,19,2,26,.230,.218,.445,.325,.311,.295,.226,91.2,15.1,11.7,
Peraza, Jose,2019,25,376,90,64,18,2,6,.239,.265,.358,.272,.289,.311,.091,85,16.8,0.3,
Marte, Ketel,2019,26,569,187,110,36,9,32,.329,.298,.520,.405,.369,.361,.219,90,11.3,9.3,
Greiner, Grayson,2019,27,208,42,31,5,1,5,.202,.193,.320,.242,.243,.244,.126,86.7,11.6,5.7,
Nimmo, Brandon,2019,26,199,44,24,11,1,8,.221,.220,.349,.340,.331,.382,.127,89.3,11.8,6.8,
Peterson, Jace,2019,29,100,22,16,3,1,2,.220,.243,.371,.258,.282,.290,.125,88.4,10,3.9,
Turner, Trea,2019,26,521,155,94,37,5,19,.298,.282,.454,.356,.336,.340,.169,90.4,9.7,6.8,
Smith, Kevan,2019,31,191,48,31,12,0,5,.251,.287,.449,.306,.341,.350,.159,89.4,5.3,6.5,
Beaty, Matt,2019,26,249,66,37,19,1,9,.265,.277,.424,.324,.319,.329,.144,89.4,9.9,5.1,
Blandino, Alex,2019,27,36,9,7,1,0,1,.250,.216,.330,.345,.336,.396,.113,90.1,12.4,4.2,
Pillar, Kevin,2019,30,611,158,97,37,3,21,.259,.262,.406,.298,.294,.293,.142,86.4,13.8,4.9,
Stallings, Jacob,2019,30,191,50,39,5,0,6,.262,.258,.421,.297,.311,.322,.159,89.2,11.1,5.9,
Travis, Sam,2019,26,144,31,20,4,1,6,.215,.216,.367,.273,.272,.277,.149,88.9,7.4,7.3,
Williamson, Mac,2019,29,128,20,15,1,0,4,.156,.200,.294,.230,.261,.289,.092,85.3,8.3,3.6,
Ramirez, Jose,2019,27,482,123,64,33,3,23,.255,.270,.461,.335,.339,.344,.189,89.2,19.5,6.3,
Bregman, Alex,2019,25,554,164,84,37,2,41,.296,.272,.472,.418,.378,.407,.199,89.3,19.5,5.4,
Fried, Max,2019,25,56,11,7,4,0,0,.196,.196,.272,.236,.239,.262,.072,86.5,-4.4,0.0,
Gallo, Joey,2019,26,241,61,23,15,1,22,.253,.233,.609,.401,.398,.374,.375,94.7,22,26.4,
Kelly, Carson,2019,25,314,77,40,19,0,18,.245,.244,.463,.339,.335,.347,.218,89,13.9,8.9,
Russell, Addison,2019,25,215,51,37,4,1,9,.237,.226,.355,.297,.285,.301,.127,86.9,9,6.9,
Seager, Corey,2019,25,489,133,69,44,1,19,.272,.257,.459,.340,.329,.322,.199,88.8,13.7,7.3,
Williams, Nick,2019,26,106,16,10,4,0,2,.151,.218,.365,.193,.265,.260,.145,86.7,10.9,6.3,
Winker, Jesse,2019,26,338,91,56,17,2,16,.269,.280,.457,.353,.351,.367,.174,89.3,7,5.0,
Lugo, Dawel,2019,25,273,67,46,11,4,6,.245,.263,.393,.272,.290,.290,.127,86.8,7.7,4.6,
Marquez, German,2019,24,48,11,6,4,1,0,.229,.201,.270,.242,.198,.201,.067,81.2,8.4,2.3,
Mazara, Nomar,2019,24,429,115,68,27,1,19,.268,.267,.481,.327,.334,.320,.211,89.1,9.9,10.7,
Murphy, Tom,2019,28,260,71,40,12,1,18,.273,.217,.438,.355,.300,.273,.220,90.6,18.8,10.9,
Guzman, Ronald,2019,25,256,56,26,20,0,10,.219,.238,.434,.306,.326,.328,.195,85.7,14.8,9.2,
Mayfield, Jack,2019,29,64,10,3,5,0,2,.156,.171,.304,.204,.204,.184,.132,85.6,18.6,4.2,
Plawecki, Kevin,2019,28,158,35,22,10,0,3,.222,.221,.359,.273,.284,.289,.135,85.6,15.1,4.7,
Mondesi, Adalberto,2019,24,415,109,70,20,10,9,.263,.237,.383,.298,.282,.272,.143,88.7,10.1,8.6,
Reyes, Franmil,2019,24,494,123,67,19,0,37,.249,.262,.537,.338,.358,.326,.273,93.3,9.1,14.8,
Barreto, Franklin,2019,23,57,7,3,2,0,2,.123,.161,.303,.166,.201,.176,.139,89,5.9,11.8,
Urena, Richard,2019,23,74,18,12,6,0,0,.243,.204,.298,.258,.231,.235,.089,86.7,9.8,0.0,
Robertson, Daniel,2019,25,207,44,32,9,1,2,.213,.212,.293,.275,.275,.311,.079,87.7,5.4,1.4,
Lopes, Tim,2019,25,111,30,22,7,0,1,.270,.226,.326,.318,.286,.322,.099,85,8.3,3.6,
Martin, Richie,2019,25,283,59,42,8,3,6,.208,.220,.306,.252,.253,.271,.083,83.2,9.3,2.4,
Swanson, Dansby,2019,25,483,121,75,26,3,17,.251,.269,.477,.317,.345,.344,.206,89.9,14,10.1,
Newman, Kevin,2019,26,493,152,114,20,6,12,.308,.289,.387,.340,.311,.335,.095,85.3,8.2,2.1,
Taylor, Chris,2019,29,366,96,51,29,4,12,.262,.236,.394,.331,.299,.311,.155,86.1,13.6,5.8,
Correa, Carlos,2019,25,280,78,40,16,1,21,.279,.290,.559,.380,.391,.376,.269,89,12.4,13.5,
Eflin, Zach,2019,25,50,8,7,1,0,0,.160,.161,.207,.146,.159,.161,.044,81.9,15.1,0.0,
Buehler, Walker,2019,25,59,5,4,0,0,1,.085,.104,.171,.130,.153,.161,.065,88.1,-6.3,3.4,
Dahl, David,2019,25,374,113,65,28,5,15,.302,.265,.480,.364,.338,.322,.211,88.7,11,10.3,
Phillips, Brett,2019,25,65,9,5,2,0,2,.138,.148,.256,.228,.239,.261,.105,87.6,13.5,4.3,
Buxton, Byron,2019,26,271,71,27,30,4,10,.262,.247,.431,.340,.307,.301,.181,90.1,20.2,8.3,
Brinson, Lewis,2019,25,226,39,29,9,1,0,.173,.197,.290,.205,.240,.258,.090,87,9.7,3.9,
Duggar, Steven,2019,26,261,61,43,12,2,4,.234,.236,.352,.265,.275,.282,.113,85.7,8.5,4.3,
Rios, Edwin,2019,25,47,13,6,2,1,4,.277,.252,.591,.413,.394,.372,.337,95,5.4,26.9,
Stewart, DJ,2019,26,126,30,20,6,0,4,.238,.232,.396,.299,.300,.313,.162,87.9,12.3,6.9,
Nido, Tomas,2019,25,136,26,17,5,0,4,.191,.199,.324,.228,.237,.238,.121,87.3,7.1,5.0,
Stewart, Christin,2019,26,369,86,50,25,1,10,.233,.242,.429,.294,.315,.315,.184,86.9,19,7.4,
Bemboom, Anthony,2019,29,54,7,5,1,0,1,.130,.127,.211,.149,.151,.143,.083,83.7,22.7,2.9,
Wendle, Joey,2019,29,238,55,37,13,2,3,.231,.253,.333,.275,.284,.314,.079,87.4,11.4,1.5,
Olson, Matt,2019,25,483,129,67,26,0,36,.267,.283,.582,.368,.390,.365,.295,92.6,18.8,14.5,
Dean, Austin,2019,26,178,40,20,14,0,6,.225,.250,.418,.276,.294,.286,.165,88.7,8.8,6.0,
Duffy, Matt,2019,28,147,37,28,8,0,1,.252,.255,.329,.299,.307,.350,.070,87,5.3,1.7,
Munoz, Yairo,2019,24,172,46,36,7,1,2,.267,.216,.303,.281,.243,.251,.081,84.7,5.9,1.5,
Castillo, Luis,2019,27,62,6,5,1,0,0,.097,.117,.141,.090,.108,.117,.023,79.8,14.4,0.0,
Margot, Manuel,2019,25,398,93,59,19,3,12,.234,.233,.336,.296,.278,.303,.101,87.7,14,3.5,
Reyes, Pablo,2019,26,143,29,18,7,2,2,.203,.192,.284,.260,.244,.264,.091,88.2,12.3,3.7,
Camargo, Johan,2019,26,232,54,34,12,1,7,.233,.247,.359,.279,.280,.293,.108,86.9,10.9,3.7,
Reyes, Victor,2019,25,276,84,60,16,5,3,.304,.281,.378,.325,.298,.315,.094,87.5,9,1.9,
Bishop, Braden,2019,26,56,6,6,0,0,0,.107,.163,.199,.124,.186,.206,.029,83.1,12.4,0.0,
Bote, David,2019,26,303,78,50,17,0,11,.257,.248,.381,.336,.320,.355,.131,89.7,7.2,5.7,
Ramirez, Harold,2019,25,421,116,82,20,3,11,.276,.275,.412,.308,.309,.313,.133,88.9,3.6,6.3,
Santander, Anthony,2019,25,380,99,58,20,1,20,.261,.258,.457,.321,.316,.295,.196,89.9,14.8,7.7,
Alonso, Pete,2019,25,597,155,70,30,2,53,.260,.253,.538,.384,.372,.354,.284,90.7,14.3,15.8,
Arroyo, Christian,2019,24,50,11,7,2,0,2,.220,.230,.368,.296,.298,.313,.136,84.4,5.3,6.1,
Biggio, Cavan,2019,24,354,83,48,17,2,16,.234,.239,.425,.343,.345,.368,.185,88.9,19.8,9.0,
Conforto, Michael,2019,26,549,141,78,29,1,33,.257,.262,.503,.358,.367,.369,.240,89.2,15.8,11.9,
Frazier, Adam,2019,28,554,154,104,33,7,10,.278,.272,.396,.320,.312,.331,.121,87.1,12.8,1.9,
Trevino, Jose,2019,27,120,31,20,9,0,2,.258,.252,.362,.274,.266,.268,.107,86.8,8.3,2.1,
McGuire, Reese,2019,24,97,29,17,7,0,5,.299,.268,.402,.364,.309,.317,.129,86.7,13.1,3.8,
Puig, Yasiel,2019,29,555,148,92,30,2,24,.267,.265,.464,.330,.334,.327,.196,89.9,14,9.6,
Soler, Jorge,2019,27,589,156,74,33,1,48,.265,.276,.591,.378,.391,.364,.314,92.6,15.3,16.9,
Maeda, Kenta,2019,31,48,12,10,2,0,0,.250,.216,.249,.232,.203,.216,.029,82.8,7.8,0.0,
Heredia, Guillermo,2019,28,204,46,28,13,0,5,.225,.243,.342,.291,.295,.323,.097,86.6,12.5,2.7,
Kang, Jung Ho,2019,32,172,29,11,7,1,10,.169,.214,.424,.256,.289,.264,.209,92.2,13.5,11.5,
Ervin, Phillip,2019,27,236,64,39,11,7,7,.271,.234,.370,.334,.295,.302,.134,85.1,14.5,5.1,
Frazier, Clint,2019,25,225,60,34,14,0,12,.267,.242,.459,.333,.314,.296,.215,88.5,14.7,10.8,
Meadows, Austin,2019,24,530,154,85,29,7,33,.291,.282,.545,.380,.370,.356,.261,90.4,16.4,12.5,
Mercado, Oscar,2019,25,438,118,75,25,3,15,.269,.257,.398,.321,.304,.309,.138,88,14.3,4.1,
Pinder, Chad,2019,27,341,82,48,21,0,13,.240,.251,.438,.298,.312,.301,.186,90.7,8.6,8.2,
Anderson, Tim,2019,26,498,167,117,32,0,18,.335,.291,.458,.363,.325,.315,.163,88.3,8.4,5.1,
Bauers, Jake,2019,24,372,84,55,16,1,12,.226,.223,.350,.296,.289,.310,.125,88.1,14.7,5.0,
Bellinger, Cody,2019,24,558,170,86,34,3,47,.305,.323,.638,.415,.429,.424,.314,91.1,17.9,13.0,
Calhoun, Willie,2019,25,309,83,47,14,1,21,.269,.266,.449,.351,.328,.323,.182,89.7,17.3,6.2,
Collins, Zack,2019,24,86,16,9,3,1,3,.186,.195,.437,.285,.317,.315,.239,90.7,15.3,14.9,
Cordell, Ryan,2019,27,217,48,33,8,0,7,.221,.215,.359,.279,.276,.286,.142,88.9,19.4,6.5,
Crawford, J.P.,2019,24,345,78,46,21,4,7,.226,.234,.334,.296,.292,.322,.097,85,11.9,3.4,
Davis, Jonathan,2019,27,83,15,12,1,0,2,.181,.232,.371,.240,.300,.312,.135,84.6,12.3,3.3,
Demeritte, Travis,2019,25,169,38,26,7,2,3,.225,.229,.357,.272,.279,.291,.126,91.2,16.1,3.7,
Dixon, Brandon,2019,27,391,97,58,20,4,15,.248,.239,.442,.303,.306,.285,.201,89.5,16.8,11.2,
Dozier, Hunter,2019,28,523,146,81,29,10,26,.279,.260,.469,.360,.336,.332,.208,91.1,16.6,10.0,
Engel, Adam,2019,28,227,55,37,10,2,6,.242,.225,.342,.296,.276,.288,.112,86.4,11,5.3,
Garver, Mitch,2019,28,311,85,37,16,1,31,.273,.253,.570,.405,.378,.347,.315,91.1,15,15.5,
Guillorme, Luis,2019,25,61,15,10,4,0,1,.246,.237,.398,.299,.307,.315,.159,87,15.9,6.1,
Hampson, Garrett,2019,25,299,74,53,9,4,8,.247,.231,.333,.292,.270,.287,.099,85.8,13,3.7,
Hudson, Dakota,2019,25,51,4,4,0,0,0,.078,.106,.120,.081,.109,.123,.013,83.5,-10.9,0.0,
Lewis, Kyle,2019,24,71,19,8,5,0,6,.268,.253,.578,.357,.348,.281,.324,90.3,9.7,23.3,
Locastro, Tim,2019,27,212,53,38,12,2,1,.250,.235,.301,.314,.298,.345,.062,84.4,13.2,1.2,
Mancini, Trey,2019,27,602,175,100,38,2,35,.291,.282,.509,.373,.363,.358,.224,90.3,7.6,10.3,
McKinney, Billy,2019,25,251,54,27,14,1,12,.215,.229,.374,.292,.285,.288,.145,86.7,15.2,6.6,
McMahon, Ryan,2019,25,480,120,73,22,1,24,.250,.243,.427,.330,.321,.324,.182,91.8,8.4,9.0,
Neuse, Sheldon,2019,25,56,14,11,3,0,0,.250,.262,.372,.262,.293,.306,.107,90.6,10,5.3,
O'Neill, Tyler,2019,24,141,37,26,6,0,5,.262,.219,.393,.308,.282,.271,.172,89.2,19.2,8.0,
Sisco, Chance,2019,24,167,35,20,7,0,8,.210,.223,.418,.319,.332,.344,.194,89.5,16.4,10.4,
Smith, Dominic,2019,24,177,50,29,10,0,11,.282,.247,.443,.368,.326,.323,.194,88.3,14.9,7.5,
Tellez, Rowdy,2019,24,370,84,44,19,0,21,.227,.248,.473,.308,.329,.315,.223,90.7,13.8,13.2,
Thaiss, Matt,2019,24,147,31,16,7,0,8,.211,.216,.371,.303,.290,.297,.153,89.1,15.7,6.3,
Valaika, Pat,2019,27,79,15,8,5,1,1,.190,.166,.267,.248,.223,.234,.100,88.8,20,4.4,
VanMeter, Josh,2019,24,228,54,32,13,1,8,.237,.240,.414,.316,.322,.330,.170,90,16.2,4.0,
Wade, Tyler,2019,25,94,23,17,3,1,2,.245,.225,.335,.303,.285,.312,.108,86.9,12.6,5.9,
Mejia, Francisco,2019,24,226,60,39,11,2,8,.265,.230,.381,.317,.286,.284,.149,88.4,19.3,4.7,
Rosario, Amed,2019,24,616,177,125,30,7,15,.287,.288,.420,.318,.318,.325,.129,89.4,8.6,4.2,
Adames, Willy,2019,24,531,135,89,25,1,20,.254,.248,.432,.313,.315,.311,.182,88.5,10.5,8.4,
Gutierrez, Kelvin,2019,25,73,19,15,2,1,1,.260,.199,.285,.284,.238,.252,.083,89.9,-1.9,4.0,
Estrada, Thairo,2019,23,64,16,10,3,0,3,.250,.260,.416,.308,.302,.303,.153,88.6,6.5,4.0,
Wynns, Austin,2019,29,70,15,13,1,0,1,.214,.230,.313,.227,.246,.261,.082,87,6.2,1.8,
Benintendi, Andrew,2019,25,541,144,86,40,5,13,.266,.266,.460,.330,.339,.343,.192,89,17.2,8.1,
Brault, Steven,2019,27,42,14,12,1,0,1,.333,.270,.371,.332,.280,.287,.099,85.1,5.9,2.4,
Cooper, Garrett,2019,29,381,107,75,16,1,15,.281,.269,.464,.337,.340,.336,.192,89.1,4.4,9.6,
Dubon, Mauricio,2019,25,106,29,20,5,0,4,.274,.246,.356,.313,.275,.280,.109,84.8,9.2,2.3,
Jansen, Danny,2019,24,347,72,46,12,1,13,.207,.242,.413,.275,.309,.310,.169,88.9,16.1,5.9,
Kemp, Tony,2019,28,245,52,31,9,4,8,.212,.209,.295,.285,.263,.292,.083,86.3,14.8,1.5,
Kiner-Falefa, Isiah,2019,24,202,48,34,12,1,1,.238,.222,.297,.272,.256,.285,.072,87.2,6.5,1.3,
Long Jr., Shed,2019,24,152,40,22,12,1,5,.263,.214,.332,.333,.270,.288,.117,87.6,10.4,6.3,
McBroom, Ryan,2019,27,75,22,17,5,0,0,.293,.246,.425,.318,.320,.319,.174,84.9,6.2,8.0,
McNeil, Jeff,2019,27,510,162,100,38,1,23,.318,.295,.476,.385,.358,.364,.178,89,13.6,4.8,
Tauchman, Mike,2019,29,260,72,40,18,1,13,.277,.245,.410,.364,.322,.334,.162,88.7,10.9,6.3,
White, Tyler,2019,29,240,50,33,14,0,3,.208,.202,.306,.274,.274,.304,.101,86.1,12.4,3.6,
Chang, Yu,2019,24,73,13,9,2,1,1,.178,.209,.370,.254,.301,.312,.157,87.9,9.9,5.9,
Alcantara, Sandy,2019,24,58,5,4,1,0,0,.086,.069,.092,.102,.089,.100,.021,84.1,-8.8,6.7,
Albies, Ozzie,2019,22,640,189,114,43,8,24,.295,.288,.488,.354,.349,.346,.197,88.9,15.4,6.6,
Robles, Victor,2019,22,546,139,86,33,3,17,.255,.240,.376,.317,.297,.313,.134,83.3,16.6,4.8,
Ford, Mike,2019,27,143,37,18,7,0,12,.259,.284,.496,.372,.365,.371,.210,91.9,15.6,9.6,
Devers, Rafael,2019,23,647,201,111,54,4,32,.311,.292,.516,.377,.358,.345,.222,92.4,10.3,9.0,
Naylor, Josh,2019,22,253,63,40,15,0,8,.249,.237,.374,.306,.294,.305,.132,89.6,4.2,6.3,
Soroka, Mike,2019,22,52,4,4,0,0,0,.077,.138,.155,.112,.170,.199,.013,79.1,-8.8,0.0,
Toro, Abraham,2019,23,78,17,10,3,2,2,.218,.228,.381,.295,.299,.313,.151,86.9,7.1,5.0,
Diaz, Aledmys,2019,29,210,57,35,12,1,9,.271,.268,.423,.345,.339,.360,.153,88.3,12.2,6.4,
Urias, Luis,2019,22,215,48,35,8,1,4,.223,.229,.351,.294,.303,.334,.121,87.3,9.7,4.4,
Arraez, Luis,2019,22,326,109,84,20,1,4,.334,.288,.408,.360,.334,.360,.116,87.1,11.3,2.7,
Jimenez, Eloy,2019,23,468,125,74,18,2,31,.267,.265,.517,.343,.347,.315,.250,91.2,9,12.8,
Torres, Gleyber,2019,23,546,152,88,26,0,38,.278,.260,.493,.359,.339,.322,.232,89.1,17.3,10.1,
Castro, Willi,2019,22,100,23,15,6,1,1,.230,.208,.296,.270,.246,.265,.087,84.7,18.1,1.5,
Diaz, Yandy,2019,28,307,82,47,20,1,14,.267,.280,.487,.342,.355,.354,.204,91.7,5.2,10.4,
Viloria, Meibrys,2019,22,133,28,20,7,0,1,.211,.185,.240,.236,.215,.238,.053,87.5,4.9,1.1,
Rengifo, Luis,2019,22,357,85,57,18,3,7,.238,.231,.360,.298,.299,.317,.126,87.1,9.1,6.0,
Allen, Greg,2019,26,231,53,37,9,3,4,.229,.237,.342,.274,.283,.298,.102,87.4,9.3,2.7,
Chapman, Matt,2019,26,583,145,70,36,3,36,.249,.252,.502,.354,.358,.345,.248,92.6,16,12.3,
Chavis, Michael,2019,24,347,88,59,10,1,18,.254,.218,.409,.323,.295,.290,.189,88.8,11.6,11.4,
Diaz, Isan,2019,23,179,31,19,5,2,5,.173,.181,.318,.248,.256,.265,.136,88.5,17.9,7.4,
Flaherty, Jack,2019,24,54,10,7,3,0,0,.185,.216,.270,.195,.219,.242,.053,86.5,6.7,0.0,
Haseley, Adam,2019,23,222,59,40,14,0,5,.266,.219,.327,.309,.263,.280,.106,87.3,4.5,3.7,
Hilliard, Sam,2019,25,77,21,8,4,2,7,.273,.237,.475,.407,.338,.325,.235,90.8,8,13.0,
Hoskins, Rhys,2019,26,570,129,62,33,5,29,.226,.220,.426,.347,.342,.362,.203,89.7,23.9,9.7,
Luplow, Jordan,2019,26,225,62,31,15,1,15,.276,.247,.466,.383,.346,.348,.218,89.6,15.9,12.1,
Mullins, Cedric,2019,25,64,6,4,0,2,0,.094,.166,.247,.159,.223,.245,.078,84.2,14.9,1.9,
O'Hearn, Ryan,2019,26,328,64,36,13,1,14,.195,.227,.411,.279,.308,.311,.182,90.5,12.9,9.1,
Schwarber, Kyle,2019,26,529,132,62,29,3,38,.250,.269,.555,.357,.376,.358,.284,93.5,15.1,14.5,
Tucker, Cole,2019,23,147,31,16,10,3,2,.211,.246,.369,.264,.284,.298,.121,87.8,6.9,4.6,
Verdugo, Alex,2019,23,343,101,65,22,2,12,.294,.286,.450,.341,.330,.336,.162,89.4,8.6,5.7,
DeJong, Paul,2019,26,583,136,74,31,1,30,.233,.233,.436,.322,.322,.320,.201,87,18.2,8.6,
Laureano, Ramon,2019,25,434,125,72,29,0,24,.288,.272,.485,.356,.341,.328,.211,89.6,14.7,9.7,
Fuentes, Josh,2019,26,55,12,8,1,0,3,.218,.175,.269,.262,.194,.189,.092,84.5,7.4,2.9,
Moncada, Yoan,2019,24,511,161,97,34,5,25,.315,.290,.523,.380,.361,.345,.231,93.1,12.2,12.2,
Ohtani, Shohei,2019,25,384,110,67,20,5,18,.286,.280,.484,.352,.347,.339,.201,92.8,6.4,12.2,
Acuna Jr., Ronald,2019,22,626,175,110,22,2,41,.280,.279,.571,.369,.386,.365,.290,90.6,14,15.0,
Hoerner, Nico,2019,22,78,22,17,1,1,3,.282,.319,.407,.305,.319,.343,.086,85.6,3.7,1.5,
Riley, Austin,2019,22,274,62,32,11,1,18,.226,.225,.455,.307,.304,.280,.230,89.4,20.5,13.7,
Tucker, Kyle,2019,22,67,18,8,6,0,4,.269,.259,.523,.349,.341,.311,.262,92,16.3,12.8,
Grisham, Trent,2019,23,156,36,22,6,2,6,.231,.227,.366,.314,.302,.325,.137,87.6,16,5.4,
Rodgers, Brendan,2019,23,76,17,15,2,0,0,.224,.165,.238,.234,.202,.217,.070,86.9,7.2,4.1,
Lowe, Nate,2019,24,152,40,25,8,0,7,.263,.256,.454,.326,.325,.318,.197,91.3,12.8,10.6,
Happ, Ian,2019,25,140,37,18,7,1,11,.264,.255,.525,.368,.353,.326,.267,89.8,15.8,13.7,
France, Ty,2019,25,184,43,27,8,1,7,.234,.230,.390,.296,.291,.291,.158,88.9,14.7,5.9,
Lowe, Brandon,2019,25,296,80,44,17,2,17,.270,.246,.509,.354,.347,.317,.262,91.6,19.1,16.3,
Bader, Harrison,2019,25,347,71,42,14,3,12,.205,.221,.410,.293,.317,.329,.186,88.4,15,9.9,
Fletcher, David,2019,25,596,173,133,30,4,6,.290,.302,.381,.318,.323,.360,.076,83.9,9.7,0.4,
Kingery, Scott,2019,25,458,118,61,34,4,19,.258,.244,.432,.329,.312,.304,.186,88.4,17.4,8.0,
Allen, Austin,2019,25,65,14,10,4,0,0,.215,.190,.246,.230,.201,.258,.056,84.2,9.5,2.3,
Lucchesi, Joey,2019,26,48,3,3,0,0,0,.063,.051,.055,.067,.060,.071,.003,82,-4.3,0.0,
Moore, Dylan,2019,27,247,51,26,14,2,9,.206,.191,.335,.299,.276,.289,.143,88.4,19,6.5,
Garlick, Kyle,2019,27,48,12,5,4,0,3,.250,.222,.508,.342,.325,.295,.286,91.6,25,20.7,
Straw, Myles,2019,25,108,29,23,4,2,0,.269,.258,.337,.323,.320,.369,.074,84.7,8.7,1.2,
Wade Jr, LaMonte,2019,25,56,11,6,2,1,2,.196,.271,.441,.320,.373,.409,.167,88.7,11.6,6.4,
Brown, Seth,2019,27,75,22,12,8,2,0,.293,.228,.375,.347,.293,.303,.145,89,16.8,11.5,
Dini, Nick,2019,26,56,11,6,3,0,2,.196,.210,.342,.269,.283,.288,.131,89.7,24.3,7.5,
Walsh, Jared,2019,26,79,16,9,5,1,1,.203,.218,.401,.259,.289,.290,.183,91.3,14.1,13.6,
Tatis Jr., Fernando,2019,20,334,106,65,13,6,22,.317,.260,.491,.398,.346,.329,.229,90.4,6.6,13.2,
Guerrero Jr., Vladimir,2019,20,464,126,83,26,2,15,.272,.258,.431,.329,.325,.328,.169,89.4,6.3,7.7,
Soto, Juan,2019,21,542,153,82,32,5,34,.282,.284,.575,.394,.406,.404,.288,92,12.3,12.3,
Lux, Gavin,2019,22,75,18,11,4,1,2,.240,.288,.455,.301,.343,.349,.164,88.8,13.2,5.9,
Bichette, Bo,2019,21,196,61,32,18,0,11,.311,.274,.473,.384,.337,.324,.196,90,10.1,8.8,
Gurriel Jr., Lourdes,2019,26,314,87,46,19,2,20,.277,.256,.507,.358,.340,.311,.250,90.4,14.1,11.2,
Rogers, Jake,2019,24,112,14,7,3,0,4,.125,.124,.219,.216,.203,.221,.095,83,19.3,4.8,
Knizner, Andrew,2019,24,53,12,8,2,0,2,.226,.170,.284,.289,.234,.241,.107,88.1,7.3,2.6,
Reynolds, Bryan,2019,24,491,154,97,37,4,16,.314,.294,.474,.371,.355,.361,.179,89.5,9.1,6.7,
Rojas, Josh,2019,25,138,30,21,7,0,2,.217,.238,.413,.279,.324,.330,.171,89,9.9,6.2,
Murphy, Sean,2019,25,53,13,4,5,0,4,.245,.238,.476,.370,.340,.327,.235,90.7,7.3,8.1,
Senzel, Nick,2019,24,375,96,60,20,4,12,.256,.241,.407,.316,.302,.302,.163,87.8,10.9,8.0,
Edman, Tommy,2019,24,326,99,64,17,7,11,.304,.282,.436,.356,.327,.329,.151,87.4,13.8,5.3,
Solak, Nick,2019,24,116,34,22,6,1,5,.293,.258,.433,.375,.343,.362,.170,88.3,6.3,9.2,
Smith, Will,2019,24,170,43,19,9,0,15,.253,.222,.448,.369,.320,.312,.226,89.4,23.8,10.7,
Hiura, Keston,2019,23,314,95,51,23,2,19,.303,.264,.528,.388,.358,.333,.262,91.4,15.7,13.9,
Hays, Austin,2019,24,68,21,11,6,0,4,.309,.313,.497,.393,.373,.377,.182,91,11.5,5.5,
Lopez, Nicky,2019,24,379,91,65,22,2,2,.240,.231,.289,.260,.244,.268,.055,85.1,2.9,1.5,
Alvarez, Yordan,2019,22,313,98,45,26,0,27,.313,.287,.598,.432,.407,.392,.310,92.2,13,17.2,
Brosseau, Michael,2019,25,132,36,23,7,0,6,.273,.211,.356,.329,.268,.262,.141,86.5,13.9,4.3,